"id","label","type"
"3533","Aegean","interest"
"3534","Aegean, Bronze Age","interest"
"3535","Africa, North","interest"
"3536","Africa, North, Pre-Augustine","interest"
"3537","Agriculture, Greek","interest"
"3538","Aigina","interest"
"3539","Alexander The Great","interest"
"3540","Amicitia","interest"
"3541","Angels","interest"
"3542","Animality","interest"
"3543","Animals","interest"
"3544","Anti-Judaism","interest"
"3545","Antiquarianism, Roman","interest"
"3546","Appian","interest"
"3547","Archaeology","interest"
"3548","Archaeology, Aegean Bronze Age","interest"
"3549","Archaeology, Catacomb","interest"
"3550","Archaeology, Classical","interest"
"3551","Archaeology, Economy, Roman","interest"
"3552","Archaeology, Egypt","interest"
"3553","Archaeology, Empire, Roman, Provinces, Western","interest"
"3554","Archaeology, Feminist","interest"
"3555","Archaeology, Fortress","interest"
"3556","Archaeology, Greek","interest"
"3557","Archaeology, Islamic","interest"
"3558","Archaeology, Roman","interest"
"3559","Archaeology, Roman, Provincial","interest"
"3560","Archaeology, Turkey","interest"
"3561","Architecture, Domestic, Roman","interest"
"3562","Architecture, Late Antique ","interest"
"3563","Aristotle","interest"
"3564","Armenian","interest"
"3565","Art","interest"
"3566","Art, Christian, Early","interest"
"3567","Art, Greek","interest"
"3568","Art, Roman","interest"
"3569","Asceticism","interest"
"3570","Asia Minor","interest"
"3571","Asia Minor, Roman","interest"
"3572","Associations","interest"
"3573","Athens, Classical","interest"
"3574","Athletics, Greek","interest"
"3575","Augustine","interest"
"3576","Augustus","interest"
"3577","Authority, Episcopal","interest"
"3578","Babylonia","interest"
"3579","Bath Houses","interest"
"3580","Bay Of Naples","interest"
"3581","Belief Structures","interest"
"3582","Biblical Interpretation","interest"
"3583","Bilingualism","interest"
"3584","Black Sea","interest"
"3585","Building, Empire, Roman","interest"
"3586","Byzantine","interest"
"3587","Byzantine Period, Early","interest"
"3588","Byzantine Studies","interest"
"3589","Caesar","interest"
"3590","Calendars","interest"
"3591","Ceramics","interest"
"3592","Ceramics, Aegean, Bronze Age","interest"
"3593","Ceramics, Egypt, New Kingdom","interest"
"3594","Charity","interest"
"3595","Childhood","interest"
"3596","Children, Roman","interest"
"3597","Christianity","interest"
"3598","Christianity, Byzantine, Early","interest"
"3599","Christianity, Early","interest"
"3600","Christianity, Early, Italy","interest"
"3601","Christianity, Early, Sociopolitical Context","interest"
"3602","Christianity, Late Antique","interest"
"3603","Christianity, Late Antique ","interest"
"3604","Christianity, Medieval, Early","interest"
"3605","Christianity, Origins","interest"
"3606","Christianity, Roman","interest"
"3607","Christianity, Syriac","interest"
"3608","Christology, Trinitarian","interest"
"3609","Chrysostom","interest"
"3610","Cicero","interest"
"3611","City Of God","interest"
"3612","Civil Wars, Roman","interest"
"3613","Civilization, Greek","interest"
"3614","Civilization, Roman","interest"
"3615","Classical Education And Reception In The 19th And 20th Century Anglophone World","interest"
"3616","Classical Reception","interest"
"3617","Classical Tradition","interest"
"3618","Clemency","interest"
"3619","Cleopatra Studies","interest"
"3620","Colonies, Greek, Archaic, East","interest"
"3621","Colonies, Greek, Archaic, West","interest"
"3622","Colonization","interest"
"3623","Colonization, Greek","interest"
"3624","Colonization, Phoenician","interest"
"3625","Commerce","interest"
"3626","Controversies, Theological","interest"
"3627","Conversion, Religious","interest"
"3628","Coptic Studies","interest"
"3629","Courtrooms","interest"
"3630","Crime","interest"
"3631","Cross-Cultural Exchange","interest"
"3632","Crucifixion","interest"
"3633","Cults, Mystery","interest"
"3634","Cultural Studies","interest"
"3635","Culture, Literary, Late Antiquity","interest"
"3636","Culture, Literary, Mediterranean, Eastern","interest"
"3637","Culture, Political, Roman","interest"
"3638","Defeat","interest"
"3639","Democracy","interest"
"3640","Democracy, Athenian","interest"
"3641","Demography","interest"
"3642","Demography, Hellenistic","interest"
"3643","Digital Humanities","interest"
"3644","Digital Reconstruction","interest"
"3645","Dining Culture, Greek","interest"
"3646","Dining Culture, Roman","interest"
"3647","Diodorus","interest"
"3648","Diplomacy","interest"
"3649","Diplomacy, Roman","interest"
"3650","Disability","interest"
"3651","Display, Competitive, Italo-Roman","interest"
"3652","Divination","interest"
"3653","Domestic Decoration","interest"
"3654","Drama, Greek","interest"
"3655","Dress","interest"
"3656","Economics","interest"
"3657","Economics, Roman","interest"
"3658","Education","interest"
"3659","Education, Jewish ","interest"
"3660","Education, Mediterranean, Late Antique","interest"
"3661","Egypt","interest"
"3662","Egypt, Christianization","interest"
"3663","Egypt, Graeco-Roman","interest"
"3664","Egypt, Late Antique","interest"
"3665","Egypt, Middle Kingdom","interest"
"3666","Egypt, New Kingdom","interest"
"3667","Egypt, Ptolemaic","interest"
"3668","Egypt, Roman","interest"
"3669","Embeddedness","interest"
"3670","Empire","interest"
"3671","Empire, Athenian","interest"
"3672","Empire, Roman, Administration","interest"
"3673","Empire, Roman, Early ","interest"
"3674","Empire, Roman, Eastern, Late  ","interest"
"3675","Empire, Roman, Provinces, Northwestern ","interest"
"3676","Empire, Roman, Western, Late","interest"
"3677","Empire, Seleukid","interest"
"3678","Epic, Latin","interest"
"3679","Epigraphy","interest"
"3680","Epigraphy, Christian","interest"
"3681","Epigraphy, Greek","interest"
"3682","Epigraphy, Greek, Roman Era","interest"
"3683","Epigraphy, Latin","interest"
"3684","Epigraphy, Military Diplomas","interest"
"3685","Epigraphy, Personal Names","interest"
"3686","Ethical Debates Of The Later Fifth Century","interest"
"3687","Ethnicity","interest"
"3688","Evagrius","interest"
"3689","Exile, Clerical","interest"
"3690","Family","interest"
"3691","Family, Empire, Roman","interest"
"3692","Family, Greek","interest"
"3693","Family, Roman","interest"
"3694","Female Hairstyles In  Rome","interest"
"3695","Festival Culture","interest"
"3696","Food","interest"
"3697","Food & Eating","interest"
"3698","Food In Military Culture","interest"
"3699","Fragmentary Texts","interest"
"3700","Gaul","interest"
"3701","Gaul, Roman","interest"
"3702","Gender","interest"
"3703","Geography","interest"
"3704","Gift Exchange","interest"
"3705","Gnosticism","interest"
"3706","Government, Late Antique","interest"
"3707","Graffiti","interest"
"3708","Graffiti, Egypt","interest"
"3709","Greece","interest"
"3710","Greece, Archaic","interest"
"3711","Greece, Classical","interest"
"3712","Greece, Empire, Roman","interest"
"3713","Greece, Hellenistic","interest"
"3714","Greek East","interest"
"3715","Greek East, Late Antique","interest"
"3716","Greek East, Roman Rule","interest"
"3717","Greek-Eastern Interactions","interest"
"3718","Gregory Of Nyssa","interest"
"3719","Gynecology","interest"
"3720","Hebrew Bible And Its Interpreters","interest"
"3721","Heliodorus","interest"
"3722","Hellenistic Period","interest"
"3723","Heresy","interest"
"3724","Herodotus","interest"
"3725","Historiography","interest"
"3726","Historiography, Greek","interest"
"3727","Historiography, Greek, Imperial","interest"
"3728","Historiography, Latin, Poetic Influences","interest"
"3729","Historiography, Roman","interest"
"3730","History","interest"
"3731","History, Art","interest"
"3732","History, Asia Minor","interest"
"3733","History, Byzantine","interest"
"3734","History, Christianity","interest"
"3735","History, Cognitive","interest"
"3736","History, Comparative","interest"
"3737","History, Corinth","interest"
"3738","History, Cultural","interest"
"3739","History, Cultural, Christianity","interest"
"3740","History, Cultural, Greek","interest"
"3741","History, Cultural, Roman","interest"
"3742","History, Cultural, Roman, East","interest"
"3743","History, Economic","interest"
"3744","History, Economic, Corinthia","interest"
"3745","History, Economic, Late Antique","interest"
"3746","History, Economic, Roman","interest"
"3747","History, Egyptian","interest"
"3748","History, Empire, Roman","interest"
"3749","History, Empire, Roman, Early","interest"
"3750","History, Environmental","interest"
"3751","History, Excavations","interest"
"3752","History, Food And Foodways","interest"
"3753","History, Greek","interest"
"3754","History, Greek, Archaic","interest"
"3755","History, Greek, Classical","interest"
"3756","History, Hellenistic","interest"
"3757","History, Intellectual","interest"
"3758","History, Intellectual, Greek","interest"
"3759","History, Intellectual, Late Antique","interest"
"3760","History, Intellectual, Roman","interest"
"3761","History, Islamic ","interest"
"3762","History, Jewish","interest"
"3763","History, Jewish, Late Antique","interest"
"3764","History, Late Antique","interest"
"3765","History, Legal","interest"
"3766","History, Legal, Greek","interest"
"3767","History, Legal, Roman","interest"
"3768","History, Literary, Christianity","interest"
"3769","History, Maritime","interest"
"3770","History, Medicine","interest"
"3771","History, Mediterranean, West","interest"
"3772","History, Military","interest"
"3773","History, Military, Greek","interest"
"3774","History, Military, Roman","interest"
"3775","History, Multilingualism","interest"
"3776","History, Political","interest"
"3777","History, Political, Attica","interest"
"3778","History, Political, Greek","interest"
"3779","History, Political, Greek, Classical ","interest"
"3780","History, Political, Hellenistic","interest"
"3781","History, Political, Republican, Late ","interest"
"3782","History, Political, Roman","interest"
"3783","History, Political, Roman, Republic","interest"
"3784","History, Regina Of","interest"
"3785","History, Religion","interest"
"3786","History, Religion, Roman","interest"
"3787","History, Republic, Roman","interest"
"3788","History, Roman","interest"
"3789","History, Roman, Early","interest"
"3790","History, Roman, Imperial","interest"
"3791","History, Roman, Late Antique","interest"
"3792","History, Roman, Principate","interest"
"3793","History, Roman, Provincial","interest"
"3794","History, Roman, Republic","interest"
"3795","History, Roman, Republican","interest"
"3796","History, Rome, Republic","interest"
"3797","History, Science","interest"
"3798","History, Self","interest"
"3799","History, Social","interest"
"3800","History, Social, Attica","interest"
"3801","History, Social, Egyptian","interest"
"3802","History, Social, Empire, Rome, Early","interest"
"3803","History, Social, Greek ","interest"
"3804","History, Social, Late Antique","interest"
"3805","History, Social, Macedonia","interest"
"3806","History, Social, Republic, Roman, Late","interest"
"3807","History, Social, Roman","interest"
"3808","History, Social, Roman, Late","interest"
"3809","History, Social, Rome","interest"
"3810","History, Social, The Corinthia","interest"
"3811","History, Theatre","interest"
"3812","History, Women","interest"
"3813","Household","interest"
"3814","Iconography","interest"
"3815","Iconography, Greek","interest"
"3816","Identity","interest"
"3817","Identity, Asia Minor, Archaic ","interest"
"3818","Identity, Asia Minor, Classical ","interest"
"3819","Identity, Elite, Empire, Roman","interest"
"3820","Identity, Empire, Roman","interest"
"3821","Identity, Ethnic","interest"
"3822","Identity, Ethnic, Roman","interest"
"3823","Identity, Greek","interest"
"3824","Identity, Hellenistic","interest"
"3825","Identity, Roman World","interest"
"3826","Ideology","interest"
"3827","Images Of Women And Slaves In Late Roman Domestic Decoration","interest"
"3828","Imperialism","interest"
"3829","Imperialism, Roman","interest"
"3830","Integration, Roman World","interest"
"3831","Interconnections","interest"
"3832","Interest","interest"
"3833","Interpretation, Feminist","interest"
"3834","Intersectional Methodologies","interest"
"3835","Interstate Relations","interest"
"3836","Intertextuality","interest"
"3837","Iran, Pre Islamic","interest"
"3838","Iron-Age ANE","interest"
"3839","Italy","interest"
"3840","Italy, North","interest"
"3841","Italy, Roman","interest"
"3842","Jewish-Christian Relations","interest"
"3843","Jews","interest"
"3844","Judaea","interest"
"3845","Judaea, Roman","interest"
"3846","Judaism","interest"
"3847","Judaism, Byzantine, Early","interest"
"3848","Judaism, Diaspora","interest"
"3849","Judaism, Early","interest"
"3850","Judaism, Hellenistic","interest"
"3851","Judaism, Rabbinic","interest"
"3852","Judaism, Roman","interest"
"3853","Judaism, Second Temple","interest"
"3854","Keftiu","interest"
"3855","Knowledge, Diffusion Of ","interest"
"3856","Knowledge, Production","interest"
"3857","Landscape","interest"
"3858","Landscape, Sacred","interest"
"3859","Language, Coptic","interest"
"3860","Language, Greek","interest"
"3861","Language, Greek, Hellenistic","interest"
"3862","Language, Greek, Homeric ","interest"
"3863","Language, Latin","interest"
"3864","Language, Latin, Medieval ","interest"
"3865","Late Antiquity","interest"
"3866","Law","interest"
"3867","Law, Greek","interest"
"3868","Law, Late Antique","interest"
"3869","Law, Roman","interest"
"3870","Law, Roman ","interest"
"3871","Law, Roman, Late","interest"
"3872","Libanius","interest"
"3873","Libya","interest"
"3874","Life Course, Roman ","interest"
"3875","Linguistic Relations In Italy","interest"
"3876","Literature","interest"
"3877","Literature, Apocalyptic","interest"
"3878","Literature, Christian","interest"
"3879","Literature, Christian Apocryphal","interest"
"3880","Literature, Christian, Early","interest"
"3881","Literature, Classical, Deformity","interest"
"3882","Literature, Classical, Folklore ","interest"
"3883","Literature, Classical, Monstrosity","interest"
"3884","Literature, Classical, Women","interest"
"3885","Literature, Greek","interest"
"3886","Literature, Greek, In Translation","interest"
"3887","Literature, Jewish, Second Temple  ","interest"
"3888","Literature, Late Antiquity","interest"
"3889","Literature, Latin","interest"
"3890","Literature, Latin, Empire, Roman, Early","interest"
"3891","Literature, Latin, In Translation","interest"
"3892","Literature, Latin, Non-Elite","interest"
"3893","Literature, Mystical","interest"
"3894","Literature, Poetry, Didactic, Latin ","interest"
"3895","Literature, Poetry, Flavian","interest"
"3896","Literature, Poetry, Greek, Archaic","interest"
"3897","Literature, Poetry, Latin","interest"
"3898","Literature, Poetry, Latin, Empire, Roman","interest"
"3899","Literature, Poetry, Liturgical","interest"
"3900","Literature, Poetry, Liturgical, Greek","interest"
"3901","Literature, Poetry, Liturgical, Syriac","interest"
"3902","Literature, Poetry, Lyric","interest"
"3903","Literature, Poetry, Neronian ","interest"
"3904","Literature, Poetry, Roman","interest"
"3905","Literature, Rabbinic","interest"
"3906","Literature, Rabbinic, Early","interest"
"3907","Literature, Rabbinic, Palestinian","interest"
"3908","Literature, Roman, Women In","interest"
"3909","Literature, Second Temple","interest"
"3910","Literature, Social Interactions, Roman","interest"
"3911","Literature, Wisdom","interest"
"3912","Macedonia, Argead","interest"
"3913","Macrina","interest"
"3914","Magical Texts","interest"
"3915","Magna Graecia","interest"
"3916","Martyrdom","interest"
"3917","Masculinity","interest"
"3918","Material Culture","interest"
"3919","Material Culture, Late Antiquity","interest"
"3920","Material Culture, Roman","interest"
"3921","Material Decline, 6th Century","interest"
"3922","Materialism","interest"
"3923","Mathematics","interest"
"3924","Measurement","interest"
"3925","Media","interest"
"3926","Medicine","interest"
"3927","Medicine, Greek","interest"
"3928","Medicine, Women In","interest"
"3929","Mediterranean, Eastern","interest"
"3930","Mediterranean, Western","interest"
"3931","Melania(S)","interest"
"3932","Memory","interest"
"3933","Merchants","interest"
"3934","Methodius","interest"
"3935","Midrash","interest"
"3936","Migration","interest"
"3937","Military","interest"
"3938","Mindfulness","interest"
"3939","Miracles","interest"
"3940","Mithridates Vi Of Pontus","interest"
"3941","Mobility, Women, Roman","interest"
"3942","Modern  Reception Of  Near East","interest"
"3943","Monastic And Clerical Formation In Latin West","interest"
"3944","Monasticism","interest"
"3945","Monasticism, Egypt","interest"
"3946","Mourning","interest"
"3947","Myth","interest"
"3948","Myth, Asia Minor, Archaic ","interest"
"3949","Myth, Asia Minor, Classical ","interest"
"3950","Nag Hammadi Texts","interest"
"3951","Near East","interest"
"3952","Network Theory","interest"
"3953","New Testament","interest"
"3954","Novel, Greek","interest"
"3955","Numeracy","interest"
"3956","Numismatics","interest"
"3957","Numismatics, Greek","interest"
"3958","Numismatics, Roman","interest"
"3959","Obstetrics","interest"
"3960","Oracles","interest"
"3961","Oral Tradition","interest"
"3962","Oratory","interest"
"3963","Oratory, Greek","interest"
"3964","Oratory, Roman","interest"
"3965","Origen","interest"
"3966","Orthodoxy","interest"
"3967","Ovid","interest"
"3968","Palaeography","interest"
"3969","Papyrology","interest"
"3970","Paradoxography","interest"
"3971","Parthenon Metopes","interest"
"3972","Past, Roman, Making Of","interest"
"3973","Patristics","interest"
"3974","Pedagogy","interest"
"3975","Pedagogy, Feminist, Egyptology","interest"
"3976","Pedagogy, History, Art","interest"
"3977","Pedagogy, Latin","interest"
"3978","Performance","interest"
"3979","Persia, Achaemenid","interest"
"3980","Personal Names And Naming Practices","interest"
"3981","Philology","interest"
"3982","Philology, Greek","interest"
"3983","Philosophy","interest"
"3984","Philosophy, Roman, Late","interest"
"3985","Philosophy, Women In","interest"
"3986","Piracy, Roman","interest"
"3987","Place","interest"
"3988","Plato","interest"
"3989","Pliny","interest"
"3990","Plutarch","interest"
"3991","Polemics, Theological","interest"
"3992","Polemography, Byzantine","interest"
"3993","Polemography, Classical","interest"
"3994","Polis Formation","interest"
"3995","Political Debates Of The Later Fifth Century","interest"
"3996","Political Thought","interest"
"3997","Political Thought, Greek","interest"
"3998","Political Use Of Religious Symbols In Antiquity","interest"
"3999","Politics","interest"
"4000","Politics, City-State","interest"
"4001","Polybius","interest"
"4002","Pompeii","interest"
"4003","Pottery","interest"
"4004","Pottery, Roman","interest"
"4005","Preaching","interest"
"4006","Priesthood And The Holy, Roman","interest"
"4007","Private Life, Roman","interest"
"4008","Prosopography","interest"
"4009","Punishment","interest"
"4010","Purity Systems","interest"
"4011","Rabbinics","interest"
"4012","Race","interest"
"4013","Reception Histories Of Early Christian Texts","interest"
"4014","Reception Studies","interest"
"4015","Reception, Medicine To 1900","interest"
"4016","Religion","interest"
"4017","Religion, Gods, Underworld","interest"
"4018","Religion, Greek","interest"
"4019","Religion, Late Antiquity","interest"
"4020","Religion, Mediterranean","interest"
"4021","Religion, Personal","interest"
"4022","Religion, Ptolemaic","interest"
"4023","Religion, Public","interest"
"4024","Religion, Roman","interest"
"4025","Religion, Sociology Of","interest"
"4026","Religion, Transformation","interest"
"4027","Religions, Greco-Roman","interest"
"4028","Religious Art, Late Antiquity","interest"
"4029","Religious Art, Roman","interest"
"4030","Remedhe Co-Founder","interest"
"4031","Republic, Roman","interest"
"4032","Republic, Roman, Late","interest"
"4033","Retail Trade","interest"
"4034","Rhetoric","interest"
"4035","Rhetoric, Greek","interest"
"4036","Rhetoric, Late Roman","interest"
"4037","Ritual, Christian, Early","interest"
"4038","Rome","interest"
"4039","Rome, Augustan","interest"
"4040","Rome, Empire","interest"
"4041","Rome, Republic","interest"
"4042","Rome, Tiberian","interest"
"4043","Sacrifice","interest"
"4044","Sallust","interest"
"4045","Sanctuaries, Greek","interest"
"4046","Science","interest"
"4047","Science, Cognitive","interest"
"4048","Second Century","interest"
"4049","Second Sophistic","interest"
"4050","Seneca","interest"
"4051","Sense Of Taste, Antiquity","interest"
"4052","Sexuality","interest"
"4053","Sexuality,  Greek","interest"
"4054","Sexuality,  Roman","interest"
"4055","Shenoute","interest"
"4056","Slavery","interest"
"4057","Slavery, Comparative  ","interest"
"4058","Slavery, Roman","interest"
"4059","Slaves","interest"
"4060","Social Context, Christianity","interest"
"4061","Social Interactions, Roman","interest"
"4062","Soul","interest"
"4063","Space","interest"
"4064","Space, Domestic","interest"
"4065","Space, Roman","interest"
"4066","Space, Urban, Roman","interest"
"4067","Spain, Roman","interest"
"4068","Spatiality, Roman","interest"
"4069","Specialty In Augustine","interest"
"4070","Spectacle","interest"
"4071","Strategemata","interest"
"4072","Strategoi, Athenian","interest"
"4073","Sts (in Relation To Environmental History)","interest"
"4074","Symbols, Religious","interest"
"4075","Symbols, Religious, Political Use Of","interest"
"4076","Symposia","interest"
"4077","Synoptics","interest"
"4078","Syriac","interest"
"4079","Syriac Studies","interest"
"4080","Tacitus","interest"
"4081","Taxation","interest"
"4082","Technology","interest"
"4083","Textiles","interest"
"4084","Theology, Trinitarian","interest"
"4085","Theory","interest"
"4086","Theory, Affect","interest"
"4087","Theory, Archaeological","interest"
"4088","Theory, Feminist","interest"
"4089","Theory, Space","interest"
"4090","Thrace","interest"
"4091","Thucydides","interest"
"4092","Time","interest"
"4093","Tombs","interest"
"4094","Topography","interest"
"4095","Topography, Roman","interest"
"4096","Topography, Rome","interest"
"4097","Trade","interest"
"4098","Trade, Roman, Maritime","interest"
"4099","Tradesmen / Artisans","interest"
"4100","Tragedy","interest"
"4101","Tragedy, Greek","interest"
"4102","Training, Teacher, Language, Latin","interest"
"4103","Tyranny","interest"
"4104","Urbanization","interest"
"4105","Veiling Practices","interest"
"4106","Villas, Roman","interest"
"4107","Violence","interest"
"4108","Virgin Mary, Cult Of The","interest"
"4109","Virginity","interest"
"4110","Visual Culture, Late Antique ","interest"
"4111","Votive Deposition","interest"
"4112","Warfare","interest"
"4113","Warfare, Greek","interest"
"4114","Women","interest"
"4115","Women, Empire, Roman Family","interest"
"4116","Women, Greek","interest"
"4117","Women, Public Life","interest"
"4118","Women, Roman","interest"
"4119","Xenophon","interest"
